2026/10/07 21:00:01.146, 0, 34, 25.72, 0, 18, 405
2026/10/07 21:00:01.149, 1, 35, 25.73, 0, 15, 405
2026/10/07 21:01:01.204, 0, 57, 210.99, 100, 8558, 1328
2026/10/07 21:01:01.207, 1, 55, 177.79, 98, 3125, 1328
2026/10/07 21:02:01.226, 0, 67, 225.80, 100, 8816, 1328
2026/10/07 21:02:01.229, 1, 63, 182.86, 98, 3125, 1328
2026/10/07 21:03:01.248, 0, 65, 224.34, 100, 8816, 1328
2026/10/07 21:03:01.251, 1, 60, 47.20, 20, 3029, 1328
2026/10/07 21:04:01.273, 0, 64, 218.72, 100, 8816, 1328
2026/10/07 21:04:01.276, 1, 62, 177.86, 99, 3125, 1328
2026/10/07 21:05:01.295, 0, 64, 211.90, 100, 8816, 1328
2026/10/07 21:05:01.298, 1, 62, 180.40, 98, 3125, 1328
2026/10/07 21:06:01.317, 0, 64, 218.08, 100, 8784, 1328
2026/10/07 21:06:01.320, 1, 62, 182.90, 98, 3125, 1328
2026/10/07 21:07:01.339, 0, 63, 218.35, 100, 8784, 1328
2026/10/07 21:07:01.342, 1, 61, 176.73, 98, 3125, 1328
2026/10/07 21:08:01.365, 0, 64, 253.44, 100, 10160, 1278
2026/10/07 21:08:01.368, 1, 62, 179.84, 82, 3125, 1328
2026/10/07 21:09:01.402, 0, 65, 212.14, 100, 8816, 1328
2026/10/07 21:09:01.405, 1, 62, 180.39, 98, 3125, 1328
2026/10/07 21:10:01.424, 0, 65, 221.44, 100, 8816, 1328
2026/10/07 21:10:01.427, 1, 62, 177.52, 98, 3125, 1328
2026/10/07 21:11:01.445, 0, 65, 225.80, 100, 8816, 1328
2026/10/07 21:11:01.449, 1, 62, 178.50, 99, 3125, 1328
2026/10/07 21:12:01.467, 0, 65, 210.00, 100, 8816, 1328
2026/10/07 21:12:01.470, 1, 62, 179.69, 98, 3125, 1328
2026/10/07 21:13:01.489, 0, 65, 219.12, 100, 8816, 1328
2026/10/07 21:13:01.492, 1, 61, 45.31, 84, 3029, 1328
2026/10/07 21:14:01.512, 0, 65, 216.93, 100, 8816, 1328
2026/10/07 21:14:01.515, 1, 62, 179.21, 98, 3125, 1328
2026/10/07 21:15:01.534, 0, 65, 217.40, 100, 8816, 1328
2026/10/07 21:15:01.537, 1, 62, 182.55, 98, 3125, 1328
2026/10/07 21:16:01.556, 0, 65, 220.49, 100, 8816, 1328
2026/10/07 21:16:01.559, 1, 62, 180.00, 98, 3125, 1328
2026/10/07 21:17:01.578, 0, 65, 216.22, 100, 8816, 1328
2026/10/07 21:17:01.581, 1, 62, 177.50, 99, 3125, 1328
2026/10/07 21:18:01.599, 0, 65, 206.25, 100, 8816, 1328
2026/10/07 21:18:01.605, 1, 63, 181.96, 99, 3125, 1328
2026/10/07 21:19:01.624, 0, 64, 203.39, 100, 8784, 1328
2026/10/07 21:19:01.628, 1, 63, 183.74, 99, 3125, 1328
2026/10/07 21:20:01.648, 0, 60, 39.08, 0, 7120, 1189
2026/10/07 21:20:01.651, 1, 58, 133.81, 0, 5085, 1328
2026/10/07 21:21:01.688, 0, 68, 212.53, 100, 8816, 1328
2026/10/07 21:21:01.691, 1, 60, 162.20, 99, 5085, 1328
2026/10/07 21:22:01.730, 0, 68, 217.22, 100, 8816, 1328
2026/10/07 21:22:01.733, 1, 59, 46.99, 45, 4925, 1328
2026/10/07 21:23:01.853, 0, 68, 215.94, 100, 8816, 1328
2026/10/07 21:23:01.856, 1, 51, 34.79, 0, 367, 1189
2026/10/07 21:24:01.876, 0, 73, 228.62, 100, 8816, 1328
2026/10/07 21:24:01.879, 1, 54, 44.83, 33, 3483, 1328
2026/10/07 21:25:01.898, 0, 75, 223.52, 100, 8816, 1328
2026/10/07 21:25:01.901, 1, 51, 43.63, 42, 6139, 1328
2026/10/07 21:26:01.920, 0, 79, 223.54, 100, 8816, 1328
2026/10/07 21:26:01.923, 1, 48, 40.28, 95, 11451, 1328
2026/10/07 21:27:01.942, 0, 79, 191.05, 100, 8816, 1278
2026/10/07 21:27:01.946, 1, 60, 158.84, 100, 14749, 1316
2026/10/07 21:28:02.005, 0, 70, 222.10, 100, 8816, 1328
2026/10/07 21:28:02.008, 1, 63, 231.82, 99, 14781, 1328
2026/10/07 21:29:02.027, 0, 66, 216.58, 100, 8816, 1328
2026/10/07 21:29:02.030, 1, 64, 171.82, 99, 14781, 1328
2026/10/07 21:30:02.049, 0, 64, 222.02, 100, 8816, 1328
2026/10/07 21:30:02.052, 1, 64, 168.35, 99, 14781, 1328
2026/10/07 21:31:02.073, 0, 63, 201.91, 100, 8784, 1328
2026/10/07 21:31:02.076, 1, 64, 116.56, 100, 14781, 1316
2026/10/07 21:32:02.096, 0, 63, 203.62, 100, 8784, 1328
2026/10/07 21:32:02.099, 1, 60, 160.49, 100, 14813, 1316
2026/10/07 21:33:02.142, 0, 66, 212.65, 100, 8816, 1328
2026/10/07 21:33:02.145, 1, 64, 187.91, 100, 14845, 1316
2026/10/07 21:34:02.164, 0, 65, 222.83, 100, 8816, 1328
2026/10/07 21:34:02.167, 1, 65, 198.12, 100, 14845, 1316
2026/10/07 21:35:02.186, 0, 65, 212.50, 100, 8816, 1328
2026/10/07 21:35:02.189, 1, 64, 246.63, 100, 14877, 1328
2026/10/07 21:36:02.208, 0, 65, 219.21, 100, 8816, 1328
2026/10/07 21:36:02.211, 1, 64, 96.32, 100, 14877, 1328
2026/10/07 21:37:02.233, 0, 65, 213.42, 100, 8816, 1328
2026/10/07 21:37:02.236, 1, 54, 35.99, 0, 6877, 1189
2026/10/07 21:38:02.255, 0, 66, 223.45, 100, 8816, 1328
2026/10/07 21:38:02.258, 1, 64, 200.62, 100, 14845, 1316
2026/10/07 21:39:02.277, 0, 65, 210.86, 100, 8816, 1328
2026/10/07 21:39:02.284, 1, 64, 186.48, 100, 14845, 1316
2026/10/07 21:40:02.304, 0, 64, 221.64, 100, 8816, 1328
2026/10/07 21:40:02.307, 1, 64, 228.85, 100, 14877, 1328
2026/10/07 21:41:02.328, 0, 65, 224.40, 100, 8816, 1328
2026/10/07 21:41:02.332, 1, 65, 162.40, 100, 14877, 1328
2026/10/07 21:42:02.351, 0, 64, 201.71, 100, 8816, 1328
2026/10/07 21:42:02.354, 1, 64, 241.79, 100, 14909, 1316
2026/10/07 21:43:02.372, 0, 65, 219.54, 100, 8816, 1328
2026/10/07 21:43:02.376, 1, 64, 184.45, 100, 14845, 1316
2026/10/07 21:44:02.507, 0, 64, 203.25, 100, 8784, 1328
2026/10/07 21:44:02.510, 1, 64, 226.13, 100, 14845, 1328
2026/10/07 21:45:02.530, 0, 62, 45.27, 33, 7024, 1328
2026/10/07 21:45:02.533, 1, 65, 202.13, 100, 14845, 1316
2026/10/07 21:46:02.552, 0, 65, 213.00, 100, 8816, 1328
2026/10/07 21:46:02.556, 1, 64, 239.91, 100, 14877, 1328
2026/10/07 21:47:02.574, 0, 65, 201.15, 100, 8816, 1328
2026/10/07 21:47:02.578, 1, 65, 214.04, 100, 14909, 1316
2026/10/07 21:48:02.597, 0, 67, 208.19, 100, 8816, 1328
2026/10/07 21:48:02.600, 1, 62, 130.65, 100, 14813, 1328
2026/10/07 21:49:02.620, 0, 65, 219.89, 100, 8816, 1328
2026/10/07 21:49:02.623, 1, 64, 154.55, 100, 14845, 1328
2026/10/07 21:50:02.641, 0, 65, 218.72, 100, 8816, 1328
2026/10/07 21:50:02.644, 1, 64, 153.44, 100, 14845, 1316
2026/10/07 21:51:02.663, 0, 65, 207.68, 100, 8816, 1328
2026/10/07 21:51:02.666, 1, 64, 113.80, 100, 14877, 1328
2026/10/07 21:52:02.686, 0, 65, 206.83, 100, 8816, 1328
2026/10/07 21:52:02.689, 1, 64, 181.47, 100, 14909, 1328
2026/10/07 21:53:02.708, 0, 65, 209.53, 100, 8816, 1328
2026/10/07 21:53:02.711, 1, 61, 196.34, 100, 14813, 1316
2026/10/07 21:54:02.730, 0, 66, 220.46, 99, 8816, 1328
2026/10/07 21:54:02.733, 1, 64, 236.47, 100, 14845, 1316
2026/10/07 21:55:02.753, 0, 65, 218.15, 100, 8816, 1328
2026/10/07 21:55:02.756, 1, 64, 124.52, 100, 14845, 1316
2026/10/07 21:56:02.775, 0, 64, 208.58, 100, 8784, 1328
2026/10/07 21:56:02.779, 1, 65, 206.66, 100, 14877, 1316
2026/10/07 21:57:02.803, 0, 60, 201.20, 9, 8784, 1328
2026/10/07 21:57:02.807, 1, 65, 245.35, 100, 14877, 1328
2026/10/07 21:58:02.829, 0, 65, 224.11, 100, 8816, 1328
2026/10/07 21:58:02.834, 1, 56, 37.19, 0, 6877, 1189
2026/10/07 21:59:02.994, 0, 66, 218.21, 100, 8816, 1328
2026/10/07 21:59:02.997, 1, 63, 241.55, 100, 14845, 1328
2026/10/07 22:00:03.182, 0, 65, 216.22, 100, 8816, 1328
2026/10/07 22:00:03.185, 1, 65, 168.35, 100, 14845, 1316
2026/10/07 22:01:03.205, 0, 64, 220.60, 100, 8816, 1328
2026/10/07 22:01:03.208, 1, 65, 154.78, 100, 14845, 1328
2026/10/07 22:02:03.227, 0, 65, 209.22, 100, 8816, 1328
2026/10/07 22:02:03.230, 1, 64, 139.32, 100, 14845, 1316
2026/10/07 22:02:22.342, 0, 59, 42.97, 0, 18, 1328
2026/10/07 22:02:22.345, 1, 58, 43.47, 0, 15, 1328
2026/10/07 22:03:22.364, 0, 65, 208.09, 100, 14108, 1303
2026/10/07 22:03:22.367, 1, 56, 123.82, 98, 9633, 1328
2026/10/07 22:04:22.477, 0, 69, 206.02, 100, 14816, 1290
2026/10/07 22:04:22.481, 1, 61, 169.69, 100, 14689, 1328
2026/10/07 22:05:22.642, 0, 69, 190.94, 100, 14848, 1303
2026/10/07 22:05:22.645, 1, 57, 120.48, 99, 9633, 1328
2026/10/07 22:06:22.784, 0, 69, 197.19, 100, 14816, 1303
2026/10/07 22:06:22.787, 1, 59, 200.41, 100, 10113, 1328
2026/10/07 22:07:22.965, 0, 69, 181.06, 100, 14720, 1303
2026/10/07 22:07:22.968, 1, 57, 126.52, 98, 9665, 1328
2026/10/07 22:08:23.092, 0, 70, 170.13, 100, 14848, 1278
2026/10/07 22:08:23.095, 1, 57, 127.57, 98, 9697, 1328
2026/10/07 22:09:23.117, 0, 69, 180.20, 100, 14816, 1316
2026/10/07 22:09:23.120, 1, 59, 139.57, 100, 14593, 1328
2026/10/07 22:10:23.236, 0, 70, 187.12, 100, 14816, 1303
2026/10/07 22:10:23.239, 1, 57, 125.90, 99, 9665, 1328
2026/10/07 22:11:23.257, 0, 70, 253.68, 100, 14848, 1303
2026/10/07 22:11:23.260, 1, 54, 103.96, 88, 5907, 1328
2026/10/07 22:12:21.136, 0, 66, 46.57, 0, 18, 1328
2026/10/07 22:12:21.139, 1, 51, 42.51, 0, 15, 1328
2026/10/07 22:13:21.158, 0, 75, 192.19, 100, 14076, 1278
2026/10/07 22:13:21.162, 1, 55, 189.46, 99, 16239, 1328
2026/10/07 22:14:12.604, 0, 69, 33.62, 0, 18, 405
2026/10/07 22:14:12.607, 1, 49, 39.15, 0, 15, 1328
2026/10/07 22:15:12.626, 0, 79, 223.21, 100, 14108, 1252
2026/10/07 22:15:12.629, 1, 55, 191.35, 99, 16239, 1328
2026/10/07 22:16:12.648, 0, 79, 222.55, 100, 14816, 1240
2026/10/07 22:16:12.651, 1, 49, 43.64, 90, 14543, 1328
2026/10/07 22:16:20.127, 0, 72, 49.69, 0, 18, 1328
2026/10/07 22:16:20.131, 1, 47, 38.69, 0, 15, 1328
2026/10/07 22:17:20.150, 0, 79, 214.39, 100, 14108, 1215
2026/10/07 22:17:20.153, 1, 52, 42.20, 83, 16207, 1328
2026/10/07 22:18:20.172, 0, 79, 154.76, 100, 14816, 1215
2026/10/07 22:18:20.175, 1, 52, 42.66, 82, 16207, 1328
2026/10/07 22:19:20.194, 0, 79, 184.33, 100, 14848, 1240
2026/10/07 22:19:20.198, 1, 52, 42.66, 86, 16239, 1328
2026/10/07 22:20:20.216, 0, 79, 187.29, 100, 14784, 1215
2026/10/07 22:20:20.219, 1, 51, 40.79, 0, 15, 1328
2026/10/07 22:21:20.238, 0, 78, 225.79, 100, 14720, 1252
2026/10/07 22:21:20.241, 1, 51, 43.88, 47, 15, 1328
2026/10/07 22:22:20.259, 0, 79, 166.18, 100, 14848, 1215
2026/10/07 22:22:20.263, 1, 51, 39.62, 0, 15, 1328
2026/10/07 22:23:20.281, 0, 79, 211.54, 100, 14816, 1202
2026/10/07 22:23:20.284, 1, 50, 39.32, 0, 15, 1328
2026/10/07 22:24:20.303, 0, 79, 180.88, 100, 14784, 1240
2026/10/07 22:24:20.308, 1, 50, 29.53, 0, 15, 670
2026/10/07 22:25:20.327, 0, 79, 205.47, 100, 14848, 1189
2026/10/07 22:25:20.330, 1, 48, 47.21, 92, 15339, 1328
2026/10/07 22:26:20.348, 0, 79, 212.25, 100, 14816, 1215
2026/10/07 22:26:20.356, 1, 49, 43.88, 92, 15019, 1328
2026/10/07 22:27:20.375, 0, 78, 250.04, 79, 15360, 1328
2026/10/07 22:27:20.378, 1, 49, 43.66, 92, 14571, 1328
2026/10/07 22:28:20.397, 0, 79, 166.54, 100, 14816, 1240
2026/10/07 22:28:20.400, 1, 49, 45.56, 91, 15147, 1328
2026/10/07 22:29:20.419, 0, 79, 205.46, 99, 14816, 1290
2026/10/07 22:29:20.422, 1, 47, 101.10, 65, 16171, 1328
2026/10/07 22:30:20.441, 0, 79, 207.87, 100, 14816, 1215
2026/10/07 22:30:20.444, 1, 48, 39.80, 82, 9633, 1328
2026/10/07 22:31:20.469, 0, 79, 170.51, 100, 14816, 1227
2026/10/07 22:31:20.472, 1, 48, 33.83, 0, 271, 1189
2026/10/07 22:32:20.491, 0, 79, 251.69, 100, 14720, 1316
2026/10/07 22:32:20.494, 1, 49, 28.32, 0, 15, 405
2026/10/07 22:33:20.513, 0, 79, 193.13, 100, 14784, 1202
2026/10/07 22:33:20.516, 1, 50, 41.00, 0, 14991, 1328
2026/10/07 22:34:20.535, 0, 79, 231.55, 100, 14816, 1240
2026/10/07 22:34:20.538, 1, 53, 92.31, 90, 5935, 1328
2026/10/07 22:35:20.558, 0, 78, 179.17, 100, 14816, 1278
2026/10/07 22:35:20.561, 1, 54, 103.91, 91, 6223, 1328
2026/10/07 22:36:20.581, 0, 75, 211.72, 100, 14816, 1290
2026/10/07 22:36:20.586, 1, 65, 179.08, 100, 13177, 1328
2026/10/07 22:37:20.604, 0, 67, 241.71, 100, 14848, 1303
2026/10/07 22:37:20.607, 1, 67, 237.42, 100, 13177, 1316
2026/10/07 22:38:20.626, 0, 64, 198.96, 100, 14816, 1316
2026/10/07 22:38:20.629, 1, 68, 251.84, 100, 13177, 1290
2026/10/07 22:39:20.651, 0, 63, 198.85, 100, 14816, 1290
2026/10/07 22:39:20.654, 1, 68, 200.14, 100, 13177, 1303
2026/10/07 22:40:20.673, 0, 65, 226.44, 100, 14816, 1303
2026/10/07 22:40:20.683, 1, 68, 208.60, 100, 13881, 1316
2026/10/07 22:41:20.763, 0, 64, 233.05, 100, 14848, 1316
2026/10/07 22:41:20.766, 1, 68, 237.66, 100, 13881, 1316
2026/10/07 22:42:20.786, 0, 64, 197.44, 100, 14848, 1303
2026/10/07 22:42:20.792, 1, 68, 174.69, 100, 13881, 1316
2026/10/07 22:43:20.813, 0, 64, 205.68, 100, 14848, 1303
2026/10/07 22:43:20.816, 1, 61, 119.68, 48, 10073, 1328
2026/10/07 22:44:20.913, 0, 64, 191.24, 100, 14784, 1303
2026/10/07 22:44:20.916, 1, 68, 183.74, 100, 13849, 1316
2026/10/07 22:45:20.935, 0, 64, 245.75, 100, 14816, 1303
2026/10/07 22:45:20.938, 1, 69, 247.25, 100, 13849, 1316
2026/10/07 22:46:20.957, 0, 64, 198.39, 100, 14816, 1303
2026/10/07 22:46:20.960, 1, 68, 162.89, 100, 13849, 1303
2026/10/07 22:47:20.980, 0, 64, 192.29, 100, 14720, 1303
2026/10/07 22:47:20.983, 1, 66, 240.46, 100, 13849, 1328
2026/10/07 22:48:21.001, 0, 65, 183.47, 100, 14848, 1303
2026/10/07 22:48:21.004, 1, 68, 224.94, 100, 13849, 1303
2026/10/07 22:49:21.041, 0, 64, 175.90, 100, 14848, 1303
2026/10/07 22:49:21.044, 1, 69, 184.82, 100, 13849, 1316
2026/10/07 22:50:21.063, 0, 65, 196.36, 100, 14816, 1316
2026/10/07 22:50:21.066, 1, 68, 193.73, 100, 13849, 1316
2026/10/07 22:51:21.085, 0, 65, 214.46, 100, 14816, 1303
2026/10/07 22:51:21.089, 1, 67, 206.34, 100, 13849, 1316
2026/10/07 22:52:21.107, 0, 65, 251.69, 100, 14848, 1316
2026/10/07 22:52:21.110, 1, 68, 229.36, 100, 13849, 1303
2026/10/07 22:53:21.130, 0, 64, 228.65, 100, 14816, 1316
2026/10/07 22:53:21.133, 1, 69, 174.76, 100, 13849, 1303
2026/10/07 22:54:21.152, 0, 65, 177.77, 100, 14816, 1316
2026/10/07 22:54:21.155, 1, 68, 182.68, 100, 13849, 1316
2026/10/07 22:55:21.176, 0, 65, 189.34, 100, 14816, 1303
2026/10/07 22:55:21.180, 1, 68, 178.74, 100, 13849, 1303
2026/10/07 22:56:21.201, 0, 64, 221.06, 100, 14816, 1303
2026/10/07 22:56:21.204, 1, 69, 213.35, 100, 13849, 1316
2026/10/07 22:57:21.224, 0, 65, 238.04, 100, 14816, 1303
2026/10/07 22:57:21.227, 1, 69, 245.49, 100, 13849, 1316
2026/10/07 22:58:21.248, 0, 64, 224.88, 100, 14816, 1316
2026/10/07 22:58:21.251, 1, 69, 192.86, 100, 13849, 1316
2026/10/07 22:59:21.270, 0, 65, 216.47, 100, 14848, 1303
2026/10/07 22:59:21.273, 1, 68, 180.05, 100, 13849, 1303
2026/10/07 23:00:21.293, 0, 65, 239.81, 100, 14848, 1316
2026/10/07 23:00:21.296, 1, 69, 236.69, 100, 13849, 1328
2026/10/07 23:01:21.316, 0, 65, 209.76, 100, 14816, 1316
2026/10/07 23:01:21.322, 1, 69, 221.49, 100, 13849, 1303
2026/10/07 23:02:21.340, 0, 65, 183.72, 100, 14816, 1303
2026/10/07 23:02:21.343, 1, 66, 225.80, 100, 10969, 1303
2026/10/07 23:03:21.364, 0, 65, 197.66, 100, 14720, 1303
2026/10/07 23:03:21.370, 1, 69, 186.35, 100, 13849, 1316
2026/10/07 23:04:21.390, 0, 65, 187.69, 100, 14848, 1303
2026/10/07 23:04:21.394, 1, 69, 179.21, 100, 13849, 1290
2026/10/07 23:05:21.415, 0, 65, 187.80, 100, 14816, 1290
2026/10/07 23:05:21.418, 1, 69, 176.83, 100, 13849, 1303
2026/10/07 23:06:21.438, 0, 65, 224.02, 100, 14816, 1303
2026/10/07 23:06:21.441, 1, 67, 244.87, 100, 13849, 1328
2026/10/07 23:07:21.459, 0, 65, 201.72, 100, 14816, 1303
2026/10/07 23:07:21.462, 1, 69, 195.16, 100, 13849, 1316
2026/10/07 23:08:21.482, 0, 65, 202.20, 100, 14816, 1303
2026/10/07 23:08:21.485, 1, 69, 183.50, 100, 13849, 1316
2026/10/07 23:09:21.504, 0, 65, 246.48, 100, 14848, 1328
2026/10/07 23:09:21.507, 1, 69, 205.38, 100, 13849, 1303
2026/10/07 23:10:21.526, 0, 65, 204.34, 100, 14816, 1316
2026/10/07 23:10:21.529, 1, 67, 165.87, 100, 13849, 1316
2026/10/07 23:11:21.548, 0, 65, 176.37, 100, 14816, 1316
2026/10/07 23:11:21.551, 1, 69, 173.74, 100, 13849, 1303
2026/10/07 23:12:21.574, 0, 65, 180.63, 100, 14816, 1316
2026/10/07 23:12:21.577, 1, 69, 239.99, 100, 13849, 1328
2026/10/07 23:13:21.595, 0, 65, 169.15, 100, 14848, 1303
2026/10/07 23:13:21.599, 1, 69, 236.94, 100, 13849, 1303
2026/10/07 23:14:21.618, 0, 65, 188.00, 100, 14848, 1303
2026/10/07 23:14:21.622, 1, 68, 218.13, 100, 13849, 1316
2026/10/07 23:15:21.683, 0, 65, 187.05, 100, 14816, 1303
2026/10/07 23:15:21.686, 1, 69, 241.33, 100, 13849, 1328
2026/10/07 23:16:21.705, 0, 65, 242.19, 100, 14848, 1316
2026/10/07 23:16:21.708, 1, 69, 245.80, 100, 13849, 1316
2026/10/07 23:17:21.728, 0, 65, 236.49, 100, 14816, 1316
2026/10/07 23:17:21.731, 1, 69, 248.20, 100, 13849, 1316
2026/10/07 23:18:21.750, 0, 65, 193.00, 100, 14816, 1303
2026/10/07 23:18:21.753, 1, 69, 226.99, 100, 13849, 1290
2026/10/07 23:19:21.773, 0, 65, 239.34, 100, 14720, 1303
2026/10/07 23:19:21.776, 1, 69, 243.36, 100, 13849, 1328
2026/10/07 23:20:21.795, 0, 65, 247.37, 100, 14816, 1303
2026/10/07 23:20:21.798, 1, 69, 246.64, 100, 13849, 1316
2026/10/07 23:21:21.823, 0, 65, 241.84, 100, 14816, 1316
2026/10/07 23:21:21.826, 1, 65, 48.19, 98, 13241, 1328
2026/10/07 23:22:21.846, 0, 66, 178.01, 100, 14848, 1303
2026/10/07 23:22:21.849, 1, 69, 175.64, 100, 13849, 1303
2026/10/07 23:23:21.867, 0, 65, 184.91, 100, 14816, 1303
2026/10/07 23:23:21.870, 1, 69, 217.64, 100, 13849, 1290
2026/10/07 23:24:21.891, 0, 65, 183.96, 100, 14816, 1303
2026/10/07 23:24:21.894, 1, 69, 232.55, 100, 13849, 1316
2026/10/07 23:25:21.913, 0, 62, 233.76, 100, 15566, 1316
2026/10/07 23:25:21.916, 1, 66, 241.22, 100, 13849, 1316
2026/10/07 23:26:22.006, 0, 64, 213.38, 100, 16176, 1316
2026/10/07 23:26:22.009, 1, 69, 199.68, 100, 13849, 1316
2026/10/07 23:27:22.032, 0, 65, 189.08, 100, 15504, 1316
2026/10/07 23:27:22.037, 1, 69, 217.66, 100, 13849, 1303
2026/10/07 23:28:22.058, 0, 65, 246.60, 100, 15600, 1316
2026/10/07 23:28:22.065, 1, 69, 177.15, 100, 13849, 1316
2026/10/07 23:29:22.088, 0, 64, 180.21, 100, 16016, 1240
2026/10/07 23:29:22.092, 1, 67, 173.26, 100, 13849, 1303
2026/10/07 23:30:22.233, 0, 64, 181.45, 100, 15504, 1303
2026/10/07 23:30:22.239, 1, 69, 242.40, 100, 13849, 1316
2026/10/07 23:31:22.259, 0, 65, 202.10, 100, 16176, 1303
2026/10/07 23:31:22.265, 1, 69, 168.60, 100, 13849, 1290
2026/10/07 23:32:22.284, 0, 64, 181.23, 100, 15504, 1303
2026/10/07 23:32:22.287, 1, 69, 205.87, 100, 13849, 1290
2026/10/07 23:33:22.309, 0, 65, 240.53, 100, 15504, 1303
2026/10/07 23:33:22.312, 1, 68, 246.53, 100, 13849, 1316
2026/10/07 23:34:22.473, 0, 64, 251.30, 98, 16016, 1278
2026/10/07 23:34:22.479, 1, 69, 227.84, 100, 13849, 1290
2026/10/07 23:35:22.499, 0, 65, 182.09, 100, 15504, 1316
2026/10/07 23:35:22.502, 1, 69, 182.78, 100, 13849, 1316
2026/10/07 23:36:22.521, 0, 64, 246.08, 100, 16176, 1316
2026/10/07 23:36:22.524, 1, 69, 228.99, 100, 13849, 1303
2026/10/07 23:37:22.545, 0, 65, 173.35, 100, 15504, 1303
2026/10/07 23:37:22.548, 1, 68, 224.49, 100, 13849, 1303
2026/10/07 23:38:22.568, 0, 65, 245.75, 100, 15504, 1316
2026/10/07 23:38:22.571, 1, 69, 219.05, 100, 13849, 1316
2026/10/07 23:39:22.590, 0, 64, 194.32, 100, 16048, 1328
2026/10/07 23:39:22.593, 1, 69, 234.49, 100, 13849, 1316
2026/10/07 23:40:22.612, 0, 65, 238.96, 100, 15504, 1303
2026/10/07 23:40:22.615, 1, 69, 207.73, 100, 13849, 1303
2026/10/07 23:41:22.635, 0, 65, 181.69, 100, 16176, 1303
2026/10/07 23:41:22.638, 1, 69, 236.59, 100, 13849, 1316
2026/10/07 23:42:22.662, 0, 64, 245.47, 100, 15504, 1328
2026/10/07 23:42:22.668, 1, 69, 242.64, 100, 13849, 1303
2026/10/07 23:43:22.690, 0, 65, 239.03, 100, 15600, 1303
2026/10/07 23:43:22.693, 1, 69, 222.61, 100, 13849, 1328
2026/10/07 23:44:22.713, 0, 62, 45.51, 80, 13392, 1328
2026/10/07 23:44:22.716, 1, 62, 243.10, 87, 13721, 1328
2026/10/07 23:45:22.791, 0, 65, 181.10, 100, 15504, 1303
2026/10/07 23:45:22.794, 1, 69, 162.66, 100, 13849, 1303
2026/10/07 23:46:22.813, 0, 64, 250.22, 100, 16176, 1316
2026/10/07 23:46:22.820, 1, 69, 247.63, 100, 13849, 1316
2026/10/07 23:47:22.839, 0, 65, 173.59, 100, 15504, 1303
2026/10/07 23:47:22.842, 1, 69, 223.54, 100, 13849, 1316
2026/10/07 23:48:22.864, 0, 65, 245.84, 100, 15504, 1316
2026/10/07 23:48:22.867, 1, 67, 214.86, 100, 13849, 1303
2026/10/07 23:49:22.886, 0, 61, 44.10, 0, 13392, 1328
2026/10/07 23:49:22.889, 1, 69, 201.77, 100, 13849, 1290
2026/10/07 23:50:22.908, 0, 65, 246.46, 100, 15504, 1316
2026/10/07 23:50:22.911, 1, 69, 202.54, 100, 13849, 1316
2026/10/07 23:51:22.932, 0, 64, 238.27, 100, 16080, 1316
2026/10/07 23:51:22.938, 1, 69, 233.50, 100, 13849, 1316
2026/10/07 23:52:22.957, 0, 65, 238.41, 100, 15504, 1303
2026/10/07 23:52:22.960, 1, 68, 203.61, 100, 13849, 1328
2026/10/07 23:53:22.980, 0, 64, 196.44, 100, 15504, 1303
2026/10/07 23:53:22.983, 1, 69, 237.99, 100, 13849, 1316
2026/10/07 23:54:23.003, 0, 62, 171.85, 66, 15984, 1328
2026/10/07 23:54:23.006, 1, 69, 210.02, 100, 13849, 1316
2026/10/07 23:55:23.027, 0, 65, 241.71, 100, 15504, 1303
2026/10/07 23:55:23.030, 1, 69, 207.27, 100, 13849, 1290
2026/10/07 23:56:23.049, 0, 65, 188.27, 100, 16176, 1303
2026/10/07 23:56:23.052, 1, 68, 213.60, 100, 13849, 1303
2026/10/07 23:57:23.159, 0, 65, 248.60, 100, 15504, 1316
2026/10/07 23:57:23.163, 1, 69, 239.28, 100, 13849, 1316
2026/10/07 23:58:23.181, 0, 64, 183.87, 100, 15504, 1316
2026/10/07 23:58:23.184, 1, 69, 183.01, 100, 13849, 1316
2026/10/07 23:59:23.204, 0, 62, 178.87, 100, 15984, 1328
2026/10/07 23:59:23.207, 1, 69, 176.10, 100, 13849, 1316
2026/10/08 00:00:23.226, 0, 65, 184.47, 100, 15536, 1303
2026/10/08 00:00:23.229, 1, 69, 186.61, 100, 13849, 1316
2026/10/08 00:01:23.248, 0, 65, 173.83, 100, 16176, 1303
2026/10/08 00:01:23.252, 1, 69, 228.28, 100, 13849, 1303
2026/10/08 00:02:23.273, 0, 65, 225.01, 100, 15504, 1303
2026/10/08 00:02:23.276, 1, 69, 205.26, 100, 13849, 1316
2026/10/08 00:03:23.301, 0, 65, 181.93, 100, 15600, 1303
2026/10/08 00:03:23.306, 1, 64, 47.44, 23, 7481, 1328
2026/10/08 00:04:23.721, 0, 64, 227.25, 100, 16176, 1303
2026/10/08 00:04:23.724, 1, 69, 174.53, 100, 13849, 1316
2026/10/08 00:05:23.745, 0, 65, 209.32, 100, 15504, 1303
2026/10/08 00:05:23.748, 1, 69, 229.37, 100, 13849, 1290
2026/10/08 00:06:23.766, 0, 64, 185.78, 100, 15856, 1303
2026/10/08 00:06:23.770, 1, 69, 182.07, 100, 13849, 1290
2026/10/08 00:07:23.790, 0, 65, 203.24, 100, 15504, 1303
2026/10/08 00:07:23.793, 1, 67, 240.38, 100, 13849, 1328
2026/10/08 00:08:23.850, 0, 65, 177.40, 100, 15504, 1303
2026/10/08 00:08:23.853, 1, 69, 250.89, 100, 13849, 1290
2026/10/08 00:09:23.880, 0, 64, 186.58, 100, 16176, 1316
2026/10/08 00:09:23.883, 1, 69, 177.31, 100, 13849, 1316
2026/10/08 00:10:23.906, 0, 65, 175.35, 100, 15504, 1303
2026/10/08 00:10:23.912, 1, 69, 248.52, 100, 13849, 1316
2026/10/08 00:11:23.931, 0, 64, 183.11, 99, 15728, 1328
2026/10/08 00:11:23.935, 1, 68, 238.23, 100, 13849, 1316
2026/10/08 00:12:24.069, 0, 65, 242.56, 100, 15504, 1303
2026/10/08 00:12:24.072, 1, 69, 182.41, 100, 13849, 1303
2026/10/08 00:13:24.091, 0, 64, 182.53, 100, 15600, 1316
2026/10/08 00:13:24.094, 1, 70, 245.44, 100, 13849, 1316
2026/10/08 00:14:24.117, 0, 64, 218.32, 100, 16176, 1316
2026/10/08 00:14:24.120, 1, 70, 219.16, 100, 13849, 1316
2026/10/08 00:15:24.139, 0, 65, 183.99, 100, 15504, 1303
2026/10/08 00:15:24.142, 1, 69, 199.80, 100, 13849, 1316
2026/10/08 00:16:24.167, 0, 64, 179.54, 100, 15632, 1328
2026/10/08 00:16:24.171, 1, 69, 245.89, 100, 13849, 1316
2026/10/08 00:17:24.189, 0, 65, 183.75, 100, 15504, 1303
2026/10/08 00:17:24.193, 1, 69, 192.92, 100, 13849, 1290
2026/10/08 00:18:24.214, 0, 64, 229.37, 100, 15504, 1328
2026/10/08 00:18:24.217, 1, 69, 238.61, 100, 13849, 1316
2026/10/08 00:19:24.239, 0, 64, 235.30, 100, 16176, 1328
2026/10/08 00:19:24.242, 1, 69, 240.37, 100, 13849, 1303
2026/10/08 00:20:24.281, 0, 65, 174.24, 100, 15504, 1303
2026/10/08 00:20:24.284, 1, 69, 168.27, 100, 13849, 1290
2026/10/08 00:21:24.303, 0, 65, 225.96, 100, 15632, 1316
2026/10/08 00:21:24.306, 1, 69, 227.60, 100, 13849, 1290
2026/10/08 00:22:24.327, 0, 65, 174.47, 100, 15504, 1303
2026/10/08 00:22:24.330, 1, 69, 159.42, 100, 13849, 1290
2026/10/08 00:23:24.353, 0, 65, 180.26, 100, 15504, 1303
2026/10/08 00:23:24.356, 1, 69, 241.79, 100, 13849, 1303
2026/10/08 00:24:24.375, 0, 64, 238.63, 100, 16176, 1328
2026/10/08 00:24:24.381, 1, 70, 241.46, 100, 13849, 1316
2026/10/08 00:25:24.403, 0, 65, 179.44, 100, 15504, 1316
2026/10/08 00:25:24.409, 1, 69, 198.14, 100, 13849, 1290
2026/10/08 00:26:24.431, 0, 65, 224.77, 100, 15632, 1316
2026/10/08 00:26:24.434, 1, 66, 176.46, 100, 13849, 1316
2026/10/08 00:27:24.608, 0, 65, 173.79, 100, 15504, 1316
2026/10/08 00:27:24.615, 1, 69, 209.65, 100, 13849, 1316
2026/10/08 00:28:24.634, 0, 65, 226.63, 100, 15600, 1316
2026/10/08 00:28:24.637, 1, 69, 236.47, 100, 13849, 1316
2026/10/08 00:29:24.656, 0, 64, 221.30, 100, 16176, 1316
2026/10/08 00:29:24.660, 1, 70, 201.93, 100, 13849, 1316
2026/10/08 00:30:24.679, 0, 65, 245.84, 100, 15504, 1303
2026/10/08 00:30:24.682, 1, 67, 174.51, 100, 13849, 1328
2026/10/08 00:31:24.822, 0, 65, 241.95, 100, 15632, 1303
2026/10/08 00:31:24.825, 1, 69, 227.84, 100, 13849, 1290
2026/10/08 00:32:24.849, 0, 65, 184.34, 100, 15504, 1328
2026/10/08 00:32:24.852, 1, 69, 177.79, 100, 13849, 1328
2026/10/08 00:33:24.871, 0, 65, 178.35, 100, 15504, 1303
2026/10/08 00:33:24.874, 1, 69, 223.19, 100, 13849, 1316
2026/10/08 00:34:24.896, 0, 64, 247.41, 100, 16176, 1316
2026/10/08 00:34:24.899, 1, 68, 240.51, 100, 13913, 1328
2026/10/08 00:35:24.943, 0, 65, 168.23, 100, 15504, 1316
2026/10/08 00:35:24.947, 1, 69, 245.68, 100, 13913, 1303
2026/10/08 00:36:24.967, 0, 65, 179.44, 100, 15632, 1316
2026/10/08 00:36:24.970, 1, 70, 207.52, 100, 13913, 1316
2026/10/08 00:37:24.989, 0, 65, 183.75, 100, 15504, 1316
2026/10/08 00:37:24.993, 1, 70, 186.24, 100, 13913, 1303
2026/10/08 00:38:25.013, 0, 65, 183.11, 100, 15600, 1303
2026/10/08 00:38:25.016, 1, 69, 249.75, 100, 13849, 1316
2026/10/08 00:39:25.035, 0, 64, 189.78, 100, 16176, 1316
2026/10/08 00:39:25.038, 1, 69, 239.67, 100, 13849, 1303
2026/10/08 00:40:25.057, 0, 59, 238.65, 100, 13180, 1303
2026/10/08 00:40:25.062, 1, 70, 185.88, 100, 13849, 1290
2026/10/08 00:41:25.081, 0, 64, 204.95, 100, 13948, 1303
2026/10/08 00:41:25.084, 1, 70, 186.59, 100, 13849, 1303
2026/10/08 00:42:25.107, 0, 66, 188.99, 100, 13916, 1316
2026/10/08 00:42:25.110, 1, 69, 174.95, 100, 13849, 1290
2026/10/08 00:43:25.129, 0, 66, 193.75, 100, 13916, 1303
2026/10/08 00:43:25.135, 1, 70, 242.26, 100, 13849, 1303
2026/10/08 00:44:25.154, 0, 63, 173.04, 100, 13756, 1303
2026/10/08 00:44:25.158, 1, 69, 178.98, 100, 13849, 1303
2026/10/08 00:45:25.177, 0, 65, 233.56, 100, 13916, 1316
2026/10/08 00:45:25.180, 1, 63, 109.68, 100, 12025, 1328
2026/10/08 00:46:25.201, 0, 66, 169.11, 100, 13916, 1278
2026/10/08 00:46:25.204, 1, 69, 197.45, 100, 13849, 1290
2026/10/08 00:47:25.227, 0, 66, 246.25, 100, 13916, 1316
2026/10/08 00:47:25.231, 1, 70, 198.38, 100, 13849, 1316
2026/10/08 00:48:25.250, 0, 61, 49.34, 85, 7900, 1328
2026/10/08 00:48:25.253, 1, 70, 239.80, 100, 13849, 1316
2026/10/08 00:49:25.272, 0, 65, 173.84, 100, 13916, 1278
2026/10/08 00:49:25.275, 1, 68, 190.76, 100, 13849, 1316
2026/10/08 00:50:25.322, 0, 66, 229.48, 100, 13916, 1303
2026/10/08 00:50:25.325, 1, 70, 247.48, 100, 13849, 1328
2026/10/08 00:51:25.344, 0, 66, 171.21, 100, 13916, 1316
2026/10/08 00:51:25.348, 1, 69, 214.41, 100, 13849, 1316
2026/10/08 00:52:25.366, 0, 64, 239.44, 100, 11100, 1265
2026/10/08 00:52:25.369, 1, 69, 235.52, 100, 13849, 1316
2026/10/08 00:53:25.391, 0, 66, 253.74, 100, 13916, 1303
2026/10/08 00:53:25.399, 1, 68, 215.34, 100, 13849, 1303
2026/10/08 00:54:25.418, 0, 66, 254.39, 100, 13916, 1303
2026/10/08 00:54:25.421, 1, 69, 231.36, 100, 13849, 1290
2026/10/08 00:55:25.500, 0, 66, 171.06, 100, 13916, 1278
2026/10/08 00:55:25.503, 1, 70, 248.76, 100, 13849, 1316
2026/10/08 00:56:25.599, 0, 66, 174.79, 100, 13916, 1278
2026/10/08 00:56:25.602, 1, 70, 211.80, 100, 13849, 1290
2026/10/08 00:57:25.623, 0, 65, 180.26, 100, 13916, 1303
2026/10/08 00:57:25.629, 1, 69, 242.40, 100, 13849, 1303
2026/10/08 00:58:25.648, 0, 66, 240.65, 100, 13916, 1303
2026/10/08 00:58:25.652, 1, 70, 236.29, 100, 13849, 1303
2026/10/08 00:59:25.767, 0, 66, 178.83, 100, 13916, 1303
2026/10/08 00:59:25.772, 1, 70, 232.79, 100, 13849, 1316
2026/10/08 01:00:25.791, 0, 66, 182.88, 100, 13916, 1303
2026/10/08 01:00:25.794, 1, 70, 242.12, 100, 13849, 1328
2026/10/08 01:01:25.818, 0, 65, 245.04, 100, 13916, 1303
2026/10/08 01:01:25.822, 1, 69, 237.66, 100, 13849, 1303
2026/10/08 01:02:25.905, 0, 66, 240.38, 100, 13916, 1303
2026/10/08 01:02:25.911, 1, 69, 171.22, 100, 13849, 1290
2026/10/08 01:03:25.946, 0, 66, 238.72, 100, 13916, 1303
2026/10/08 01:03:25.949, 1, 70, 217.59, 100, 13849, 1290
2026/10/08 01:04:25.977, 0, 66, 193.48, 100, 13916, 1303
2026/10/08 01:04:25.980, 1, 70, 235.40, 100, 13849, 1290
2026/10/08 01:05:26.006, 0, 65, 220.02, 100, 13916, 1303
2026/10/08 01:05:26.009, 1, 69, 217.93, 100, 13849, 1316
2026/10/08 01:06:26.029, 0, 66, 235.66, 100, 13916, 1303
2026/10/08 01:06:26.035, 1, 70, 241.69, 100, 13849, 1328
2026/10/08 01:07:26.053, 0, 66, 222.25, 100, 13916, 1316
2026/10/08 01:07:26.057, 1, 70, 224.53, 100, 13849, 1316
2026/10/08 01:08:26.077, 0, 66, 176.21, 100, 13916, 1278
2026/10/08 01:08:26.081, 1, 67, 238.47, 100, 13849, 1328
2026/10/08 01:09:26.100, 0, 64, 232.79, 100, 13756, 1316
2026/10/08 01:09:26.103, 1, 70, 245.11, 100, 13849, 1316
2026/10/08 01:10:26.125, 0, 66, 249.07, 100, 13916, 1303
2026/10/08 01:10:26.129, 1, 70, 221.43, 100, 13849, 1316
2026/10/08 01:11:26.148, 0, 66, 204.56, 100, 13916, 1303
2026/10/08 01:11:26.151, 1, 70, 242.74, 100, 13849, 1303
2026/10/08 01:12:26.170, 0, 66, 204.34, 100, 13916, 1316
2026/10/08 01:12:26.173, 1, 68, 194.70, 100, 13849, 1290
2026/10/08 01:13:26.201, 0, 61, 48.87, 73, 10172, 1328
2026/10/08 01:13:26.204, 1, 70, 176.70, 100, 13849, 1303
2026/10/08 01:14:26.226, 0, 65, 228.77, 100, 13916, 1316
2026/10/08 01:14:26.229, 1, 70, 223.78, 100, 13849, 1290
2026/10/08 01:15:26.251, 0, 66, 248.84, 100, 13916, 1316
2026/10/08 01:15:26.254, 1, 70, 239.56, 100, 13849, 1316
2026/10/08 01:16:26.273, 0, 66, 190.07, 100, 13916, 1303
2026/10/08 01:16:26.276, 1, 69, 164.71, 100, 13849, 1290
2026/10/08 01:17:26.296, 0, 62, 44.80, 0, 7484, 1328
2026/10/08 01:17:26.301, 1, 70, 176.70, 100, 13849, 1316
2026/10/08 01:18:26.321, 0, 66, 185.42, 100, 13916, 1303
2026/10/08 01:18:26.325, 1, 70, 198.40, 100, 13849, 1290
2026/10/08 01:19:26.346, 0, 66, 250.63, 100, 13916, 1303
2026/10/08 01:19:26.350, 1, 70, 182.38, 100, 13849, 1316
2026/10/08 01:20:26.368, 0, 66, 251.82, 100, 13916, 1316
2026/10/08 01:20:26.372, 1, 69, 190.18, 100, 13849, 1316
2026/10/08 01:21:26.393, 0, 61, 45.27, 89, 7516, 1328
2026/10/08 01:21:26.396, 1, 70, 228.09, 100, 13849, 1290
2026/10/08 01:22:26.417, 0, 66, 208.52, 100, 13916, 1303
2026/10/08 01:22:26.422, 1, 70, 167.66, 100, 13849, 1316
2026/10/08 01:23:26.446, 0, 66, 239.44, 100, 13916, 1316
2026/10/08 01:23:26.449, 1, 70, 226.14, 100, 13849, 1303
2026/10/08 01:24:26.469, 0, 66, 251.54, 100, 13916, 1303
2026/10/08 01:24:26.473, 1, 70, 246.77, 100, 13849, 1328
2026/10/08 01:25:26.492, 0, 66, 227.49, 100, 13916, 1303
2026/10/08 01:25:26.495, 1, 70, 177.18, 100, 13849, 1316
2026/10/08 01:26:26.518, 0, 65, 182.64, 100, 13916, 1316
2026/10/08 01:26:26.521, 1, 70, 237.52, 100, 13849, 1316
2026/10/08 01:27:26.540, 0, 66, 245.99, 100, 13916, 1303
2026/10/08 01:27:26.545, 1, 62, 47.95, 96, 9465, 1328
2026/10/08 01:28:26.564, 0, 66, 207.67, 100, 13916, 1303
2026/10/08 01:28:26.567, 1, 70, 252.60, 100, 13849, 1316
2026/10/08 01:29:26.586, 0, 67, 225.24, 100, 13916, 1278
2026/10/08 01:29:26.589, 1, 70, 192.53, 100, 13849, 1303
2026/10/08 01:30:26.611, 0, 65, 170.49, 100, 13916, 1278
2026/10/08 01:30:26.620, 1, 70, 239.55, 100, 13849, 1328
2026/10/08 01:31:26.641, 0, 66, 242.99, 100, 13916, 1316
2026/10/08 01:31:26.644, 1, 68, 185.27, 100, 13849, 1316
2026/10/08 01:32:26.666, 0, 66, 228.67, 100, 13916, 1303
2026/10/08 01:32:26.673, 1, 70, 180.40, 100, 13849, 1303
2026/10/08 01:33:26.692, 0, 66, 176.92, 100, 13916, 1303
2026/10/08 01:33:26.695, 1, 70, 241.67, 100, 13849, 1316
2026/10/08 01:34:26.714, 0, 65, 227.15, 100, 13916, 1278
2026/10/08 01:34:26.717, 1, 70, 182.78, 100, 13849, 1316
2026/10/08 01:35:26.736, 0, 66, 186.37, 100, 13916, 1303
2026/10/08 01:35:26.742, 1, 69, 178.98, 100, 13849, 1290
2026/10/08 01:36:26.763, 0, 66, 177.16, 100, 13916, 1278
2026/10/08 01:36:26.766, 1, 70, 245.01, 100, 13849, 1316
2026/10/08 01:37:26.785, 0, 66, 246.70, 100, 13916, 1316
2026/10/08 01:37:26.788, 1, 70, 248.91, 100, 13849, 1316
2026/10/08 01:38:26.807, 0, 65, 222.98, 100, 13916, 1303
2026/10/08 01:38:26.810, 1, 70, 199.79, 100, 13849, 1316
2026/10/08 01:39:26.829, 0, 66, 240.43, 100, 13916, 1303
2026/10/08 01:39:26.832, 1, 69, 185.99, 100, 13849, 1316
2026/10/08 01:40:26.852, 0, 66, 250.74, 100, 13916, 1316
2026/10/08 01:40:26.855, 1, 70, 240.27, 100, 13849, 1316
2026/10/08 01:41:26.874, 0, 67, 241.00, 100, 13916, 1303
2026/10/08 01:41:26.878, 1, 70, 234.35, 100, 13849, 1316
2026/10/08 01:42:26.899, 0, 65, 222.36, 100, 13916, 1278
2026/10/08 01:42:26.902, 1, 70, 237.42, 100, 13849, 1316
2026/10/08 01:43:26.935, 0, 66, 214.88, 100, 13916, 1278
2026/10/08 01:43:26.938, 1, 70, 211.55, 100, 13849, 1328
2026/10/08 01:44:26.960, 0, 66, 228.42, 100, 13916, 1303
2026/10/08 01:44:26.964, 1, 70, 223.05, 100, 13849, 1303
2026/10/08 01:45:26.982, 0, 67, 204.44, 100, 13916, 1303
2026/10/08 01:45:26.985, 1, 70, 228.40, 100, 13849, 1290
2026/10/08 01:46:27.005, 0, 62, 227.77, 83, 13756, 1328
2026/10/08 01:46:27.008, 1, 67, 50.35, 76, 13241, 1328
2026/10/08 01:47:27.031, 0, 66, 232.45, 100, 13916, 1303
2026/10/08 01:47:27.034, 1, 70, 239.08, 100, 13849, 1316
2026/10/08 01:48:27.053, 0, 66, 244.80, 100, 13916, 1303
2026/10/08 01:48:27.057, 1, 70, 243.83, 100, 13849, 1328
2026/10/08 01:49:27.076, 0, 66, 185.42, 100, 13916, 1303
2026/10/08 01:49:27.081, 1, 70, 238.01, 100, 13849, 1316
2026/10/08 01:50:27.100, 0, 63, 168.68, 100, 11996, 1328
2026/10/08 01:50:27.103, 1, 68, 179.71, 100, 13849, 1328
2026/10/08 01:51:27.123, 0, 66, 248.12, 100, 13916, 1303
2026/10/08 01:51:27.126, 1, 70, 243.34, 100, 13849, 1316
2026/10/08 01:52:27.145, 0, 66, 175.75, 100, 13916, 1303
2026/10/08 01:52:27.148, 1, 70, 199.24, 100, 13849, 1303
2026/10/08 01:53:27.171, 0, 66, 229.96, 100, 13916, 1316
2026/10/08 01:53:27.175, 1, 70, 243.45, 100, 13849, 1316
2026/10/08 01:54:27.194, 0, 64, 238.98, 100, 11100, 1252
2026/10/08 01:54:27.198, 1, 69, 214.52, 100, 13849, 1316
2026/10/08 01:55:27.217, 0, 63, 239.77, 100, 7902, 1328
2026/10/08 01:55:27.221, 1, 70, 247.96, 100, 13849, 1316
2026/10/08 01:56:27.241, 0, 67, 195.13, 100, 8158, 1328
2026/10/08 01:56:27.244, 1, 70, 246.86, 100, 13849, 1316
2026/10/08 01:57:27.263, 0, 68, 227.58, 100, 8158, 1316
2026/10/08 01:57:27.270, 1, 70, 218.79, 100, 13849, 1303
2026/10/08 01:58:27.289, 0, 68, 236.41, 100, 8158, 1328
2026/10/08 01:58:27.292, 1, 69, 192.05, 100, 13849, 1316
2026/10/08 01:59:27.326, 0, 67, 192.64, 98, 8158, 1328
2026/10/08 01:59:27.329, 1, 70, 214.70, 100, 13849, 1316
2026/10/08 02:00:27.348, 0, 68, 227.62, 100, 8158, 1328
2026/10/08 02:00:27.351, 1, 70, 176.19, 100, 13849, 1303
2026/10/08 02:01:27.370, 0, 68, 231.52, 100, 8158, 1328
2026/10/08 02:01:27.373, 1, 70, 227.13, 100, 13849, 1290
2026/10/08 02:02:27.393, 0, 68, 215.94, 99, 8158, 1316
2026/10/08 02:02:27.396, 1, 69, 210.82, 100, 13849, 1328
2026/10/08 02:03:27.424, 0, 68, 240.65, 100, 8158, 1328
2026/10/08 02:03:27.427, 1, 70, 244.78, 100, 13849, 1303
2026/10/08 02:04:27.448, 0, 68, 185.66, 100, 8158, 1316
2026/10/08 02:04:27.452, 1, 70, 179.21, 100, 13849, 1316
2026/10/08 02:05:27.471, 0, 68, 227.81, 100, 8158, 1316
2026/10/08 02:05:27.474, 1, 70, 240.74, 100, 13849, 1316
2026/10/08 02:06:27.494, 0, 68, 228.77, 100, 8158, 1328
2026/10/08 02:06:27.497, 1, 70, 236.95, 100, 13849, 1316
2026/10/08 02:07:27.516, 0, 64, 184.10, 37, 8158, 1328
2026/10/08 02:07:27.519, 1, 71, 220.44, 100, 13849, 1290
2026/10/08 02:08:27.538, 0, 68, 221.68, 100, 8158, 1328
2026/10/08 02:08:27.541, 1, 70, 189.56, 100, 13849, 1316
2026/10/08 02:09:27.566, 0, 68, 227.54, 100, 8158, 1328
2026/10/08 02:09:27.572, 1, 64, 86.38, 100, 12025, 1328
2026/10/08 02:10:27.613, 0, 68, 234.31, 100, 8158, 1328
2026/10/08 02:10:27.616, 1, 70, 228.99, 100, 13849, 1290
2026/10/08 02:11:27.635, 0, 68, 236.75, 100, 10782, 1278
2026/10/08 02:11:27.640, 1, 70, 170.02, 100, 13849, 1303
2026/10/08 02:12:27.660, 0, 68, 222.63, 100, 8158, 1328
2026/10/08 02:12:27.663, 1, 71, 196.21, 100, 13849, 1290
2026/10/08 02:13:27.685, 0, 68, 233.42, 100, 8158, 1328
2026/10/08 02:13:27.688, 1, 68, 234.35, 100, 13849, 1316
2026/10/08 02:14:27.732, 0, 68, 227.72, 100, 8158, 1328
2026/10/08 02:14:27.735, 1, 70, 246.30, 100, 13849, 1316
2026/10/08 02:15:27.754, 0, 68, 240.69, 100, 8158, 1328
2026/10/08 02:15:27.757, 1, 70, 176.91, 100, 13849, 1316
2026/10/08 02:16:27.776, 0, 68, 227.86, 100, 8158, 1328
2026/10/08 02:16:27.779, 1, 70, 224.48, 100, 13849, 1303
2026/10/08 02:17:27.804, 0, 68, 235.64, 100, 8158, 1328
2026/10/08 02:17:27.807, 1, 69, 209.41, 100, 13849, 1316
2026/10/08 02:18:27.852, 0, 68, 217.84, 100, 8158, 1328
2026/10/08 02:18:27.855, 1, 70, 202.98, 100, 13849, 1316
2026/10/08 02:19:27.874, 0, 68, 251.34, 100, 8158, 1328
2026/10/08 02:19:27.878, 1, 71, 208.11, 100, 13849, 1316
2026/10/08 02:20:27.900, 0, 68, 236.65, 100, 8158, 1328
2026/10/08 02:20:27.904, 1, 71, 206.78, 100, 13849, 1290
2026/10/08 02:21:27.927, 0, 68, 230.07, 100, 8158, 1328
2026/10/08 02:21:27.937, 1, 70, 252.70, 100, 13849, 1303
2026/10/08 02:22:27.960, 0, 68, 235.07, 100, 8158, 1328
2026/10/08 02:22:27.963, 1, 70, 203.23, 100, 13849, 1303
2026/10/08 02:23:27.983, 0, 69, 239.81, 100, 8158, 1328
2026/10/08 02:23:27.986, 1, 71, 221.86, 100, 13849, 1290
2026/10/08 02:24:28.005, 0, 67, 230.08, 99, 8158, 1328
2026/10/08 02:24:28.009, 1, 71, 181.43, 100, 13849, 1303
2026/10/08 02:25:28.050, 0, 69, 238.39, 100, 8158, 1328
2026/10/08 02:25:28.054, 1, 70, 238.37, 100, 13849, 1303
2026/10/08 02:26:28.074, 0, 68, 178.83, 100, 8158, 1316
2026/10/08 02:26:28.077, 1, 70, 231.60, 100, 13849, 1290
2026/10/08 02:27:28.098, 0, 68, 228.43, 100, 8158, 1316
2026/10/08 02:27:28.101, 1, 71, 240.03, 100, 13849, 1316
2026/10/08 02:28:28.121, 0, 68, 230.95, 100, 8158, 1328
2026/10/08 02:28:28.124, 1, 70, 177.03, 100, 13849, 1316
2026/10/08 02:29:28.144, 0, 68, 235.74, 100, 8158, 1328
2026/10/08 02:29:28.147, 1, 70, 243.12, 100, 13849, 1328
2026/10/08 02:30:28.172, 0, 68, 216.22, 100, 8158, 1328
2026/10/08 02:30:28.176, 1, 71, 173.73, 100, 13849, 1316
2026/10/08 02:31:28.195, 0, 68, 245.14, 100, 8158, 1328
2026/10/08 02:31:28.198, 1, 71, 240.19, 100, 13849, 1316
2026/10/08 02:32:28.217, 0, 68, 229.76, 99, 8158, 1328
2026/10/08 02:32:28.220, 1, 67, 214.74, 100, 13849, 1328
2026/10/08 02:33:28.258, 0, 69, 247.30, 100, 8158, 1328
2026/10/08 02:33:28.261, 1, 70, 237.42, 100, 13849, 1290
2026/10/08 02:34:28.280, 0, 68, 242.07, 100, 8158, 1328
2026/10/08 02:34:28.283, 1, 70, 176.91, 100, 13849, 1316
2026/10/08 02:35:28.303, 0, 68, 213.32, 99, 8158, 1328
2026/10/08 02:35:28.306, 1, 71, 233.64, 100, 13849, 1316
2026/10/08 02:36:28.325, 0, 68, 216.51, 100, 8158, 1328
2026/10/08 02:36:28.330, 1, 57, 42.91, 43, 6717, 1328
2026/10/08 02:37:28.367, 0, 70, 217.64, 100, 8158, 1328
2026/10/08 02:37:28.370, 1, 65, 178.23, 100, 13985, 1328
2026/10/08 02:38:28.389, 0, 71, 240.76, 100, 8158, 1328
2026/10/08 02:38:28.392, 1, 64, 204.78, 100, 14219, 1316
2026/10/08 02:39:28.411, 0, 71, 230.42, 100, 8158, 1328
2026/10/08 02:39:28.414, 1, 63, 212.98, 100, 14159, 1303
2026/10/08 02:40:28.440, 0, 70, 222.91, 100, 8158, 1328
2026/10/08 02:40:28.445, 1, 57, 37.19, 0, 7055, 1189
2026/10/08 02:41:04.511, 0, 49, 27.81, 0, 18, 405
2026/10/08 02:41:04.514, 1, 65, 186.82, 100, 14159, 1328
2026/10/08 02:41:28.465, 0, 57, 244.42, 100, 14044, 1328
2026/10/08 02:41:28.468, 1, 67, 214.64, 100, 14159, 1303
2026/10/08 02:42:04.533, 0, 64, 175.49, 100, 14108, 1303
2026/10/08 02:42:04.536, 1, 64, 243.07, 100, 14127, 1328
2026/10/08 02:42:28.490, 0, 64, 240.29, 100, 14720, 1303
2026/10/08 02:42:28.493, 1, 66, 197.42, 100, 14191, 1303
2026/10/08 02:43:04.555, 0, 66, 184.07, 100, 14848, 1303
2026/10/08 02:43:04.559, 1, 56, 43.16, 91, 8911, 1328
2026/10/08 02:43:28.516, 0, 67, 185.29, 100, 14848, 1303
2026/10/08 02:43:28.522, 1, 64, 194.32, 100, 14191, 1328
2026/10/08 02:44:04.582, 0, 67, 204.44, 100, 14784, 1303
2026/10/08 02:44:04.588, 1, 66, 187.43, 100, 14191, 1290
2026/10/08 02:44:28.542, 0, 67, 248.35, 100, 14784, 1303
2026/10/08 02:44:28.546, 1, 62, 161.21, 100, 14031, 1316
2026/10/08 02:45:04.608, 0, 67, 223.54, 100, 14816, 1316
2026/10/08 02:45:04.611, 1, 66, 236.07, 100, 14191, 1328
2026/10/08 02:45:28.577, 0, 67, 177.89, 100, 14816, 1303
2026/10/08 02:45:28.580, 1, 60, 45.31, 0, 7055, 1328
2026/10/08 02:46:04.631, 0, 68, 240.15, 100, 14816, 1303
2026/10/08 02:46:04.634, 1, 65, 216.16, 99, 14223, 1316
2026/10/08 02:46:28.602, 0, 68, 186.72, 100, 14816, 1303
2026/10/08 02:46:28.605, 1, 66, 235.14, 100, 14223, 1328
2026/10/08 02:47:04.661, 0, 67, 245.37, 100, 14816, 1303
2026/10/08 02:47:04.664, 1, 63, 220.46, 100, 14127, 1316
2026/10/08 02:47:28.625, 0, 68, 216.47, 100, 14816, 1278
2026/10/08 02:47:28.628, 1, 66, 167.65, 100, 14159, 1316
2026/10/08 02:48:04.692, 0, 68, 206.68, 100, 14816, 1303
2026/10/08 02:48:04.699, 1, 58, 37.43, 0, 7055, 1189
2026/10/08 02:48:28.647, 0, 67, 185.66, 100, 14816, 1303
2026/10/08 02:48:28.650, 1, 64, 196.83, 100, 14159, 1303
2026/10/08 02:49:04.722, 0, 68, 243.43, 100, 14816, 1303
2026/10/08 02:49:04.725, 1, 67, 220.02, 100, 14223, 1290
2026/10/08 02:49:28.671, 0, 67, 247.27, 100, 14720, 1303
2026/10/08 02:49:28.675, 1, 61, 138.60, 100, 14159, 1316
2026/10/08 02:50:04.744, 0, 68, 199.01, 100, 14848, 1303
2026/10/08 02:50:04.747, 1, 66, 157.41, 100, 14159, 1303
2026/10/08 02:50:28.695, 0, 67, 191.97, 96, 15232, 1303
2026/10/08 02:50:28.698, 1, 62, 46.52, 84, 13007, 1328
2026/10/08 02:51:04.766, 0, 68, 204.47, 100, 14816, 1303
2026/10/08 02:51:04.769, 1, 65, 213.22, 100, 14191, 1328
2026/10/08 02:51:28.723, 0, 68, 188.35, 100, 14816, 1303
2026/10/08 02:51:28.726, 1, 67, 235.28, 100, 14223, 1303
2026/10/08 02:52:04.788, 0, 67, 178.51, 100, 14816, 1278
2026/10/08 02:52:04.791, 1, 62, 184.82, 100, 14063, 1316
2026/10/08 02:52:28.744, 0, 68, 210.14, 99, 14816, 1303
2026/10/08 02:52:28.748, 1, 65, 241.08, 100, 14191, 1328
2026/10/08 02:53:04.818, 0, 67, 249.07, 100, 14816, 1303
2026/10/08 02:53:04.822, 1, 61, 45.55, 0, 7055, 1328
2026/10/08 02:53:28.768, 0, 68, 242.28, 100, 14816, 1316
2026/10/08 02:53:28.771, 1, 63, 194.32, 100, 14095, 1328
2026/10/08 02:54:04.841, 0, 62, 225.13, 97, 7902, 1328
2026/10/08 02:54:04.845, 1, 66, 218.79, 100, 14191, 1316
2026/10/08 02:54:28.796, 0, 67, 229.33, 100, 7902, 1316
2026/10/08 02:54:28.800, 1, 56, 36.95, 0, 7055, 1189
2026/10/08 02:55:04.863, 0, 69, 219.27, 100, 8158, 1316
2026/10/08 02:55:04.866, 1, 65, 193.82, 100, 14127, 1303
2026/10/08 02:55:28.822, 0, 69, 242.43, 100, 8158, 1328
2026/10/08 02:55:28.826, 1, 67, 246.75, 100, 14191, 1328
2026/10/08 02:56:04.889, 0, 69, 223.21, 100, 8158, 1316
2026/10/08 02:56:04.892, 1, 64, 200.40, 100, 14159, 1328
2026/10/08 02:56:28.845, 0, 69, 233.17, 100, 8158, 1328
2026/10/08 02:56:28.848, 1, 66, 215.23, 100, 14191, 1290
2026/10/08 02:57:04.910, 0, 69, 229.16, 100, 8158, 1328
2026/10/08 02:57:04.913, 1, 61, 188.73, 99, 13999, 1303
2026/10/08 02:57:28.866, 0, 70, 211.55, 100, 8158, 1328
2026/10/08 02:57:28.872, 1, 65, 200.02, 100, 14159, 1328
2026/10/08 02:58:04.933, 0, 68, 231.78, 100, 8158, 1328
2026/10/08 02:58:04.936, 1, 63, 47.71, 85, 13007, 1328
2026/10/08 02:58:28.891, 0, 69, 214.32, 100, 8158, 1316
2026/10/08 02:58:28.894, 1, 63, 191.94, 100, 14127, 1328
2026/10/08 02:59:04.956, 0, 70, 238.86, 100, 8158, 1328
2026/10/08 02:59:04.959, 1, 66, 155.25, 100, 14191, 1316
2026/10/08 02:59:28.915, 0, 70, 232.85, 100, 8158, 1328
2026/10/08 02:59:28.920, 1, 58, 37.91, 0, 7055, 1189
2026/10/08 03:00:04.978, 0, 70, 221.79, 100, 8158, 1328
2026/10/08 03:00:04.981, 1, 65, 185.15, 100, 14191, 1316
2026/10/08 03:00:28.940, 0, 68, 243.89, 100, 8158, 1328
2026/10/08 03:00:28.943, 1, 66, 181.92, 100, 14191, 1316
2026/10/08 03:01:05.000, 0, 70, 225.68, 100, 8158, 1328
2026/10/08 03:01:05.003, 1, 63, 221.27, 100, 14159, 1316
2026/10/08 03:01:28.962, 0, 70, 223.11, 100, 8158, 1316
2026/10/08 03:01:28.965, 1, 66, 184.67, 100, 14223, 1290
2026/10/08 03:02:05.045, 0, 64, 45.36, 0, 7166, 1328
2026/10/08 03:02:05.049, 1, 56, 37.22, 0, 7055, 1189
2026/10/08 03:02:28.984, 0, 70, 240.29, 100, 8158, 1328
2026/10/08 03:02:28.987, 1, 64, 180.96, 100, 14127, 1316
2026/10/08 03:03:05.073, 0, 69, 238.17, 100, 8158, 1328
2026/10/08 03:03:05.076, 1, 66, 133.35, 100, 14223, 1290
2026/10/08 03:03:29.006, 0, 69, 204.91, 99, 8158, 1328
2026/10/08 03:03:29.009, 1, 62, 222.34, 100, 14095, 1316
2026/10/08 03:04:05.099, 0, 70, 233.52, 100, 8158, 1328
2026/10/08 03:04:05.102, 1, 66, 186.81, 100, 14159, 1316
2026/10/08 03:04:29.034, 0, 69, 193.60, 100, 10782, 1316
2026/10/08 03:04:29.038, 1, 61, 46.04, 0, 7055, 1328
2026/10/08 03:05:05.120, 0, 70, 230.46, 100, 8158, 1316
2026/10/08 03:05:05.124, 1, 65, 137.64, 100, 14159, 1303
2026/10/08 03:05:29.057, 0, 70, 251.74, 100, 8158, 1328
2026/10/08 03:05:29.060, 1, 66, 157.48, 100, 14191, 1290
2026/10/08 03:06:05.142, 0, 69, 240.74, 89, 10782, 1328
2026/10/08 03:06:05.146, 1, 63, 199.89, 100, 14127, 1328
2026/10/08 03:06:29.079, 0, 70, 197.46, 99, 8158, 1328
2026/10/08 03:06:29.084, 1, 65, 195.41, 100, 14223, 1328
2026/10/08 03:07:05.172, 0, 69, 225.42, 100, 8158, 1328
2026/10/08 03:07:05.175, 1, 58, 37.88, 0, 7055, 1189
2026/10/08 03:07:29.103, 0, 70, 223.21, 100, 8158, 1328
2026/10/08 03:07:29.106, 1, 63, 172.38, 100, 14191, 1290
2026/10/08 03:08:05.195, 0, 70, 211.72, 100, 8158, 1316
2026/10/08 03:08:05.198, 1, 67, 161.70, 100, 14191, 1303
2026/10/08 03:08:29.125, 0, 69, 202.71, 100, 8158, 1328
2026/10/08 03:08:29.128, 1, 59, 156.92, 100, 13967, 1328
2026/10/08 03:09:05.220, 0, 70, 230.32, 100, 8158, 1328
2026/10/08 03:09:05.223, 1, 65, 194.08, 100, 14191, 1290
2026/10/08 03:09:29.147, 0, 69, 227.62, 100, 8158, 1328
2026/10/08 03:09:29.150, 1, 67, 185.16, 100, 14223, 1316
2026/10/08 03:10:05.242, 0, 70, 226.29, 100, 8158, 1328
2026/10/08 03:10:05.247, 1, 64, 235.56, 100, 14191, 1303
2026/10/08 03:10:29.174, 0, 70, 247.78, 100, 8158, 1328
2026/10/08 03:10:29.177, 1, 66, 195.11, 100, 14191, 1328
2026/10/08 03:11:05.266, 0, 69, 246.08, 100, 8158, 1328
2026/10/08 03:11:05.269, 1, 62, 186.81, 100, 14063, 1316
2026/10/08 03:11:29.196, 0, 70, 241.85, 100, 8158, 1328
2026/10/08 03:11:29.199, 1, 65, 188.24, 100, 14159, 1316
2026/10/08 03:12:05.288, 0, 70, 237.68, 100, 8158, 1328
2026/10/08 03:12:05.291, 1, 63, 200.50, 100, 8911, 1328
2026/10/08 03:12:29.220, 0, 70, 247.38, 98, 8158, 1328
2026/10/08 03:12:29.227, 1, 63, 162.03, 100, 14127, 1316
2026/10/08 03:13:05.311, 0, 70, 216.45, 100, 8158, 1316
2026/10/08 03:13:05.315, 1, 66, 207.73, 100, 14223, 1316
2026/10/08 03:13:29.253, 0, 58, 52.74, 24, 5562, 1189
2026/10/08 03:13:29.257, 1, 57, 36.99, 0, 7055, 1189
2026/10/08 03:14:05.335, 0, 65, 200.79, 100, 13180, 1316
2026/10/08 03:14:05.338, 1, 65, 137.81, 100, 14191, 1316
2026/10/08 03:14:29.281, 0, 66, 183.64, 100, 13180, 1303
2026/10/08 03:14:29.284, 1, 66, 178.75, 100, 14191, 1316
2026/10/08 03:15:05.357, 0, 68, 223.34, 100, 13180, 1278
2026/10/08 03:15:05.360, 1, 63, 159.78, 100, 14191, 1290
2026/10/08 03:15:29.303, 0, 68, 194.50, 100, 13180, 1303
2026/10/08 03:15:29.306, 1, 66, 158.60, 100, 14191, 1290
2026/10/08 03:16:05.379, 0, 67, 246.63, 100, 13180, 1316
2026/10/08 03:16:05.385, 1, 56, 41.75, 66, 7055, 1316
2026/10/08 03:16:29.326, 0, 68, 242.68, 100, 13180, 1303
2026/10/08 03:16:29.329, 1, 64, 209.41, 100, 14127, 1290
2026/10/08 03:17:05.406, 0, 68, 235.60, 100, 13180, 1303
2026/10/08 03:17:05.409, 1, 67, 200.62, 100, 14223, 1316
2026/10/08 03:17:29.348, 0, 66, 192.10, 100, 13948, 1303
2026/10/08 03:17:29.351, 1, 61, 178.51, 100, 14127, 1316
2026/10/08 03:18:05.432, 0, 68, 230.93, 100, 13948, 1278
2026/10/08 03:18:05.440, 1, 66, 166.68, 100, 14127, 1316
2026/10/08 03:18:29.373, 0, 68, 250.01, 100, 13948, 1303
2026/10/08 03:18:29.377, 1, 61, 46.27, 0, 7055, 1328
2026/10/08 03:19:05.458, 0, 69, 243.34, 100, 13948, 1316
2026/10/08 03:19:05.461, 1, 65, 252.68, 100, 14191, 1328
2026/10/08 03:19:29.406, 0, 69, 246.72, 100, 13948, 1290
2026/10/08 03:19:29.413, 1, 66, 202.28, 100, 14191, 1316
2026/10/08 03:20:05.480, 0, 69, 231.03, 100, 13948, 1278
2026/10/08 03:20:05.483, 1, 62, 209.51, 100, 14159, 1328
2026/10/08 03:20:29.432, 0, 69, 253.74, 100, 13948, 1278
2026/10/08 03:20:29.438, 1, 65, 187.08, 100, 14159, 1328
2026/10/08 03:21:05.506, 0, 68, 179.08, 100, 13948, 1303
2026/10/08 03:21:05.513, 1, 58, 38.13, 0, 7055, 1189
2026/10/08 03:21:29.457, 0, 68, 187.05, 100, 13916, 1303
2026/10/08 03:21:29.460, 1, 63, 241.88, 100, 14159, 1328
2026/10/08 03:22:05.548, 0, 68, 233.27, 100, 13916, 1303
2026/10/08 03:22:05.552, 1, 66, 191.00, 100, 14191, 1316
2026/10/08 03:22:29.479, 0, 68, 237.30, 100, 13916, 1278
2026/10/08 03:22:29.482, 1, 56, 42.95, 91, 8655, 1328
2026/10/08 03:23:05.571, 0, 69, 175.30, 100, 13916, 1303
2026/10/08 03:23:05.574, 1, 65, 187.20, 100, 14191, 1303
2026/10/08 03:23:29.504, 0, 68, 237.91, 100, 13916, 1303
2026/10/08 03:23:29.507, 1, 66, 142.09, 100, 14223, 1278
2026/10/08 03:24:05.594, 0, 69, 186.05, 100, 13916, 1278
2026/10/08 03:24:05.598, 1, 64, 136.87, 100, 14127, 1316
2026/10/08 03:24:29.527, 0, 69, 209.19, 100, 13916, 1303
2026/10/08 03:24:29.530, 1, 66, 190.99, 100, 14223, 1328
2026/10/08 03:25:05.617, 0, 66, 225.33, 100, 13916, 1278
2026/10/08 03:25:05.620, 1, 59, 235.86, 100, 13935, 1328
2026/10/08 03:25:29.549, 0, 68, 189.94, 100, 13916, 1303
2026/10/08 03:25:29.553, 1, 65, 179.94, 100, 14159, 1316
2026/10/08 03:26:05.641, 0, 68, 228.92, 100, 13916, 1303
2026/10/08 03:26:05.644, 1, 67, 194.68, 100, 14223, 1303
2026/10/08 03:26:29.571, 0, 68, 255.81, 100, 13916, 1290
2026/10/08 03:26:29.574, 1, 62, 136.71, 100, 14063, 1316
2026/10/08 03:27:05.664, 0, 69, 178.41, 100, 13916, 1303
2026/10/08 03:27:05.668, 1, 66, 146.55, 100, 14223, 1303
2026/10/08 03:27:29.599, 0, 68, 229.67, 100, 13916, 1278
2026/10/08 03:27:29.602, 1, 59, 38.15, 0, 7055, 1189
2026/10/08 03:28:05.902, 0, 69, 189.59, 100, 13916, 1303
2026/10/08 03:28:05.905, 1, 65, 172.33, 100, 14127, 1290
2026/10/08 03:28:29.627, 0, 69, 210.67, 100, 13916, 1290
2026/10/08 03:28:29.630, 1, 66, 170.27, 100, 14159, 1316
2026/10/08 03:29:05.924, 0, 67, 239.34, 100, 13916, 1290
2026/10/08 03:29:05.927, 1, 63, 181.83, 100, 14127, 1316
2026/10/08 03:29:29.664, 0, 68, 245.61, 100, 13916, 1316
2026/10/08 03:29:29.668, 1, 66, 214.17, 100, 14287, 1316
2026/10/08 03:30:05.950, 0, 68, 227.28, 100, 13916, 1303
2026/10/08 03:30:05.953, 1, 57, 37.43, 0, 7055, 1189
2026/10/08 03:30:29.692, 0, 69, 230.56, 100, 13916, 1278
2026/10/08 03:30:29.695, 1, 64, 153.21, 100, 14159, 1290
2026/10/08 03:31:05.974, 0, 68, 207.51, 100, 13916, 1316
2026/10/08 03:31:05.977, 1, 66, 221.52, 100, 14191, 1290
2026/10/08 03:31:29.713, 0, 68, 248.73, 100, 13916, 1290
2026/10/08 03:31:29.719, 1, 61, 188.00, 100, 13999, 1316
2026/10/08 03:32:05.997, 0, 69, 183.40, 100, 13916, 1290
2026/10/08 03:32:06.000, 1, 66, 172.33, 100, 14191, 1303
2026/10/08 03:32:29.739, 0, 68, 239.51, 100, 13916, 1290
2026/10/08 03:32:29.743, 1, 62, 46.51, 83, 13007, 1328
2026/10/08 03:33:06.025, 0, 68, 231.03, 100, 13916, 1278
2026/10/08 03:33:06.029, 1, 64, 168.00, 100, 14191, 1316
2026/10/08 03:33:29.762, 0, 68, 250.36, 100, 13916, 1316
2026/10/08 03:33:29.765, 1, 66, 143.60, 100, 14223, 1290
2026/10/08 03:34:06.051, 0, 68, 174.20, 100, 13916, 1316
2026/10/08 03:34:06.055, 1, 62, 191.11, 100, 14095, 1316
2026/10/08 03:34:29.784, 0, 69, 246.66, 100, 13916, 1303
2026/10/08 03:34:29.787, 1, 65, 251.02, 100, 14191, 1328
2026/10/08 03:35:06.074, 0, 68, 183.12, 100, 13916, 1290
2026/10/08 03:35:06.079, 1, 63, 47.68, 34, 7055, 1328
2026/10/08 03:35:29.805, 0, 69, 168.73, 100, 13916, 1303
2026/10/08 03:35:29.808, 1, 63, 212.24, 100, 14127, 1316
2026/10/08 03:36:06.100, 0, 69, 214.66, 100, 13916, 1303
2026/10/08 03:36:06.103, 1, 66, 213.12, 100, 14191, 1328
2026/10/08 03:36:29.842, 0, 66, 241.08, 100, 13916, 1303
2026/10/08 03:36:29.845, 1, 57, 37.67, 0, 7055, 1189
2026/10/08 03:37:06.123, 0, 68, 227.11, 100, 13916, 1303
2026/10/08 03:37:06.126, 1, 66, 227.24, 98, 14191, 1290
2026/10/08 03:37:29.865, 0, 68, 242.19, 100, 13916, 1303
2026/10/08 03:37:29.868, 1, 67, 221.19, 100, 14255, 1290
2026/10/08 03:38:06.145, 0, 69, 236.25, 100, 13916, 1290
2026/10/08 03:38:06.148, 1, 64, 238.09, 100, 14063, 1328
2026/10/08 03:38:29.890, 0, 69, 183.75, 100, 13916, 1316
2026/10/08 03:38:29.895, 1, 66, 184.94, 100, 14191, 1328
2026/10/08 03:39:06.167, 0, 68, 159.54, 100, 13916, 1278
2026/10/08 03:39:06.170, 1, 56, 43.16, 92, 9007, 1328
2026/10/08 03:39:29.915, 0, 69, 243.14, 100, 13916, 1303
2026/10/08 03:39:29.922, 1, 65, 254.58, 100, 14191, 1328
2026/10/08 03:40:06.190, 0, 69, 233.01, 100, 13916, 1290
2026/10/08 03:40:06.193, 1, 66, 205.71, 100, 14223, 1316
2026/10/08 03:40:29.940, 0, 68, 242.89, 100, 13916, 1303
2026/10/08 03:40:29.943, 1, 62, 159.87, 100, 14095, 1316
2026/10/08 03:41:06.216, 0, 69, 233.62, 100, 13916, 1303
2026/10/08 03:41:06.220, 1, 65, 191.46, 100, 14191, 1290
2026/10/08 03:41:29.971, 0, 68, 178.23, 100, 13916, 1303
2026/10/08 03:41:29.974, 1, 60, 45.56, 0, 7055, 1328
2026/10/08 03:42:06.242, 0, 69, 193.36, 100, 13916, 1290
2026/10/08 03:42:06.245, 1, 65, 217.64, 100, 14191, 1316
2026/10/08 03:42:29.995, 0, 69, 189.70, 100, 13916, 1303
2026/10/08 03:42:29.998, 1, 66, 190.05, 100, 14223, 1328
2026/10/08 03:43:06.264, 0, 68, 251.06, 100, 13916, 1303
2026/10/08 03:43:06.267, 1, 63, 251.26, 100, 14159, 1316
2026/10/08 03:43:30.017, 0, 69, 190.18, 100, 13916, 1303
2026/10/08 03:43:30.022, 1, 66, 197.31, 100, 14159, 1290
2026/10/08 03:44:06.293, 0, 67, 232.83, 100, 13916, 1290
2026/10/08 03:44:06.297, 1, 58, 37.43, 0, 7055, 1189
2026/10/08 03:44:30.043, 0, 68, 188.57, 100, 13916, 1303
2026/10/08 03:44:30.050, 1, 64, 133.29, 100, 14191, 1316
2026/10/08 03:45:06.320, 0, 68, 240.76, 100, 13916, 1303
2026/10/08 03:45:06.323, 1, 66, 157.01, 100, 14191, 1290
2026/10/08 03:45:30.069, 0, 68, 183.67, 100, 13916, 1316
2026/10/08 03:45:30.072, 1, 59, 138.28, 100, 13935, 1316
2026/10/08 03:46:06.341, 0, 69, 174.40, 100, 13916, 1278
2026/10/08 03:46:06.346, 1, 65, 161.59, 100, 14159, 1316
2026/10/08 03:46:30.092, 0, 69, 240.03, 100, 13916, 1303
2026/10/08 03:46:30.095, 1, 66, 185.04, 100, 14191, 1316
2026/10/08 03:47:06.370, 0, 69, 249.40, 100, 13916, 1303
2026/10/08 03:47:06.373, 1, 65, 205.51, 100, 14191, 1316
2026/10/08 03:47:30.113, 0, 69, 208.01, 100, 13916, 1303
2026/10/08 03:47:30.117, 1, 66, 220.97, 100, 14287, 1290
2026/10/08 03:48:06.396, 0, 67, 230.34, 100, 13916, 1303
2026/10/08 03:48:06.408, 1, 62, 217.15, 100, 14127, 1316
2026/10/08 03:48:30.137, 0, 69, 251.88, 100, 13916, 1290
2026/10/08 03:48:30.140, 1, 65, 182.86, 100, 14191, 1316
2026/10/08 03:49:06.427, 0, 68, 173.35, 100, 13916, 1290
2026/10/08 03:49:06.430, 1, 64, 215.72, 100, 8911, 1328
2026/10/08 03:49:30.161, 0, 68, 237.91, 100, 13916, 1303
2026/10/08 03:49:30.164, 1, 63, 161.79, 100, 14127, 1303
2026/10/08 03:50:06.449, 0, 68, 185.66, 100, 13916, 1316
2026/10/08 03:50:06.452, 1, 66, 204.10, 100, 14255, 1328
2026/10/08 03:50:30.195, 0, 68, 232.51, 100, 13916, 1303
2026/10/08 03:50:30.207, 1, 57, 37.43, 0, 7055, 1189
2026/10/08 03:51:06.475, 0, 69, 227.15, 100, 13916, 1278
2026/10/08 03:51:06.478, 1, 65, 147.97, 100, 14159, 1316
2026/10/08 03:51:30.232, 0, 63, 46.73, 88, 7484, 1328
2026/10/08 03:51:30.235, 1, 66, 149.29, 100, 14223, 1290
2026/10/08 03:52:06.498, 0, 68, 251.30, 100, 13916, 1303
2026/10/08 03:52:06.501, 1, 64, 218.32, 100, 14159, 1328
2026/10/08 03:52:30.255, 0, 69, 184.77, 100, 13916, 1278
2026/10/08 03:52:30.260, 1, 66, 244.97, 100, 14159, 1328
2026/10/08 03:53:06.520, 0, 68, 204.54, 100, 13916, 1303
2026/10/08 03:53:06.523, 1, 56, 42.92, 95, 11887, 1328
2026/10/08 03:53:30.279, 0, 69, 221.40, 100, 13916, 1290
2026/10/08 03:53:30.282, 1, 64, 187.91, 100, 14159, 1290
2026/10/08 03:54:06.543, 0, 69, 243.71, 100, 13916, 1303
2026/10/08 03:54:06.549, 1, 66, 186.34, 100, 14223, 1316
2026/10/08 03:54:30.302, 0, 69, 191.00, 100, 13916, 1290
2026/10/08 03:54:30.305, 1, 62, 204.08, 100, 14031, 1316
2026/10/08 03:55:06.568, 0, 69, 239.91, 100, 13916, 1303
2026/10/08 03:55:06.574, 1, 66, 185.15, 100, 14127, 1328
2026/10/08 03:55:30.332, 0, 67, 245.27, 100, 13916, 1303
2026/10/08 03:55:30.335, 1, 59, 45.07, 0, 7055, 1328
2026/10/08 03:56:06.593, 0, 69, 235.40, 100, 13916, 1316
2026/10/08 03:56:06.596, 1, 65, 185.62, 100, 14223, 1316
2026/10/08 03:56:30.358, 0, 69, 203.62, 100, 13916, 1303
2026/10/08 03:56:30.365, 1, 66, 197.88, 100, 14223, 1328
2026/10/08 03:57:06.614, 0, 68, 184.91, 100, 13916, 1316
2026/10/08 03:57:06.621, 1, 63, 211.90, 99, 14159, 1303
2026/10/08 03:57:30.384, 0, 69, 241.38, 100, 13916, 1290
2026/10/08 03:57:30.387, 1, 66, 167.88, 100, 14223, 1290
2026/10/08 03:58:06.644, 0, 68, 224.45, 100, 13916, 1278
2026/10/08 03:58:06.654, 1, 58, 37.67, 0, 7055, 1189
2026/10/08 03:58:30.406, 0, 69, 172.89, 100, 13916, 1290
2026/10/08 03:58:30.409, 1, 64, 219.03, 100, 14127, 1316
2026/10/08 03:59:06.676, 0, 65, 235.32, 100, 13724, 1316
2026/10/08 03:59:06.679, 1, 66, 172.26, 100, 14191, 1278
2026/10/08 03:59:30.427, 0, 68, 220.11, 100, 13916, 1290
2026/10/08 03:59:30.430, 1, 61, 204.90, 100, 14095, 1328
2026/10/08 04:00:06.698, 0, 69, 231.29, 100, 13916, 1278
2026/10/08 04:00:06.701, 1, 66, 198.73, 100, 14191, 1328
2026/10/08 04:00:30.451, 0, 69, 222.23, 100, 13916, 1278
2026/10/08 04:00:30.454, 1, 63, 47.00, 76, 13007, 1328
2026/10/08 04:01:06.720, 0, 69, 169.95, 100, 13916, 1278
2026/10/08 04:01:06.723, 1, 64, 176.97, 100, 14127, 1278
2026/10/08 04:01:30.473, 0, 69, 237.77, 100, 13916, 1303
2026/10/08 04:01:30.480, 1, 66, 200.26, 100, 14223, 1316
2026/10/08 04:02:06.742, 0, 68, 177.32, 100, 13916, 1290
2026/10/08 04:02:06.745, 1, 62, 202.64, 100, 14095, 1328
2026/10/08 04:02:30.502, 0, 69, 236.61, 100, 13916, 1290
2026/10/08 04:02:30.508, 1, 65, 252.47, 100, 14223, 1303
2026/10/08 04:03:06.807, 0, 67, 236.43, 100, 13916, 1303
2026/10/08 04:03:06.811, 1, 61, 46.03, 0, 7055, 1328
2026/10/08 04:03:30.528, 0, 68, 204.46, 100, 13916, 1278
2026/10/08 04:03:30.532, 1, 63, 190.99, 100, 14127, 1316
2026/10/08 04:04:06.834, 0, 69, 238.17, 100, 13916, 1303
2026/10/08 04:04:06.841, 1, 66, 180.88, 100, 14223, 1328
2026/10/08 04:04:30.566, 0, 68, 188.12, 100, 13916, 1303
2026/10/08 04:04:30.569, 1, 57, 37.17, 0, 7055, 1189
2026/10/08 04:05:06.862, 0, 69, 200.01, 100, 13916, 1290
2026/10/08 04:05:06.865, 1, 65, 181.98, 100, 14223, 1328
2026/10/08 04:05:30.590, 0, 69, 178.63, 100, 13916, 1278
2026/10/08 04:05:30.593, 1, 66, 186.61, 100, 14223, 1316
2026/10/08 04:06:06.884, 0, 69, 210.14, 100, 13916, 1290
2026/10/08 04:06:06.887, 1, 64, 190.64, 100, 14159, 1303
2026/10/08 04:06:30.612, 0, 69, 225.59, 100, 13916, 1303
2026/10/08 04:06:30.615, 1, 66, 182.78, 100, 14191, 1278
2026/10/08 04:07:06.905, 0, 68, 227.37, 100, 13916, 1278
2026/10/08 04:07:06.908, 1, 58, 146.77, 99, 13935, 1328
2026/10/08 04:07:30.637, 0, 69, 186.26, 100, 13916, 1303
2026/10/08 04:07:30.640, 1, 64, 137.58, 100, 14223, 1303
2026/10/08 04:08:06.927, 0, 69, 196.83, 100, 13916, 1303
2026/10/08 04:08:06.930, 1, 66, 218.32, 100, 14223, 1316
2026/10/08 04:08:30.660, 0, 69, 254.86, 100, 13916, 1290
2026/10/08 04:08:30.664, 1, 62, 158.93, 100, 14191, 1303
2026/10/08 04:09:06.952, 0, 69, 180.58, 100, 13916, 1303
2026/10/08 04:09:06.955, 1, 66, 144.41, 100, 14191, 1316
2026/10/08 04:09:30.687, 0, 68, 202.86, 100, 13916, 1328
2026/10/08 04:09:30.691, 1, 59, 38.39, 0, 7055, 1189
2026/10/08 04:10:06.978, 0, 69, 241.48, 100, 13916, 1290
2026/10/08 04:10:06.984, 1, 65, 251.52, 100, 14223, 1316
2026/10/08 04:10:30.716, 0, 68, 235.66, 100, 13916, 1290
2026/10/08 04:10:30.719, 1, 67, 253.27, 100, 14223, 1303
2026/10/08 04:11:07.005, 0, 68, 204.91, 100, 13916, 1278
2026/10/08 04:11:07.009, 1, 63, 249.00, 100, 14127, 1328
2026/10/08 04:11:30.739, 0, 69, 199.38, 100, 13916, 1278
2026/10/08 04:11:30.742, 1, 66, 191.37, 100, 14127, 1316
2026/10/08 04:12:07.031, 0, 68, 243.98, 100, 13916, 1303
2026/10/08 04:12:07.035, 1, 57, 36.95, 0, 7055, 1189
2026/10/08 04:12:30.761, 0, 69, 185.55, 100, 13916, 1290
2026/10/08 04:12:30.765, 1, 64, 164.95, 100, 14191, 1290
2026/10/08 04:13:07.057, 0, 69, 186.85, 100, 13916, 1303
2026/10/08 04:13:07.062, 1, 66, 188.62, 100, 14223, 1328
2026/10/08 04:13:30.784, 0, 68, 252.83, 100, 13916, 1316
2026/10/08 04:13:30.787, 1, 61, 177.52, 100, 13999, 1303
2026/10/08 04:14:07.080, 0, 69, 185.97, 100, 13916, 1303
2026/10/08 04:14:07.084, 1, 66, 248.95, 100, 14191, 1290
2026/10/08 04:14:30.806, 0, 68, 189.07, 100, 13916, 1303
2026/10/08 04:14:30.809, 1, 62, 46.51, 95, 13007, 1328
2026/10/08 04:15:07.105, 0, 69, 195.06, 100, 13916, 1278
2026/10/08 04:15:07.110, 1, 65, 147.59, 100, 14159, 1316
2026/10/08 04:15:30.829, 0, 69, 166.96, 100, 13916, 1316
2026/10/08 04:15:30.832, 1, 66, 170.87, 100, 14287, 1290
2026/10/08 04:16:07.129, 0, 68, 212.40, 100, 13916, 1290
2026/10/08 04:16:07.132, 1, 62, 178.74, 99, 14031, 1316
2026/10/08 04:16:30.851, 0, 69, 199.72, 100, 13916, 1290
2026/10/08 04:16:30.855, 1, 65, 191.70, 100, 14223, 1316
2026/10/08 04:17:07.165, 0, 69, 215.80, 100, 13916, 1278
2026/10/08 04:17:07.168, 1, 60, 45.55, 0, 7055, 1328
2026/10/08 04:17:30.874, 0, 69, 240.28, 100, 13916, 1290
2026/10/08 04:17:30.877, 1, 64, 168.35, 100, 14159, 1316
2026/10/08 04:18:30.897, 0, 48, 27.88, 0, 18, 405
2026/10/08 04:18:30.900, 1, 57, 42.99, 94, 7663, 1328
2026/10/08 04:19:30.919, 0, 40, 26.64, 0, 18, 405
2026/10/08 04:19:30.923, 1, 67, 201.47, 100, 14223, 1290
2026/10/08 04:20:30.942, 0, 39, 26.15, 0, 18, 405
2026/10/08 04:20:30.945, 1, 66, 171.60, 100, 14191, 1290
2026/10/08 04:21:30.964, 0, 38, 26.15, 0, 18, 405
2026/10/08 04:21:30.968, 1, 65, 197.65, 100, 14223, 1290
2026/10/08 04:22:30.988, 0, 38, 26.15, 0, 18, 405
2026/10/08 04:22:30.994, 1, 63, 209.53, 100, 14095, 1316
2026/10/08 04:23:31.020, 0, 38, 25.95, 0, 18, 405
2026/10/08 04:23:31.026, 1, 57, 37.01, 0, 7055, 1189
2026/10/08 04:24:31.048, 0, 38, 26.16, 0, 18, 405
2026/10/08 04:24:31.052, 1, 66, 217.35, 100, 14223, 1328
2026/10/08 04:25:31.070, 0, 38, 26.15, 0, 18, 405
2026/10/08 04:25:31.073, 1, 66, 194.66, 100, 14255, 1316
2026/10/08 04:26:31.094, 0, 38, 26.16, 0, 18, 405
2026/10/08 04:26:31.097, 1, 65, 145.35, 100, 14127, 1303
